{
	"format_version": "1.8.0",
	"animations": {
		"arrow": {
			"animation_length": 4,
			"bones": {
				"body": {
					"rotation": {
						"0.0": {
							"vector": [0, 0, 0]
						},
						"0.25": {
							"vector": [-2.5, 0, 0]
						},
						"0.5": {
							"vector": [-2.5, 0, 0]
						},
						"0.75": {
							"vector": [-5, 0, 0]
						},
						"1.0833": {
							"vector": [-5, 0, 0]
						},
						"1.375": {
							"vector": [-2.5, 0, 0]
						},
						"1.6667": {
							"vector": [0, 0, 0]
						},
						"2.0": {
							"vector": [0, 0, 0]
						},
						"2.125": {
							"vector": [-7.50706, -2.4786, 0.32652]
						},
						"2.1667": {
							"vector": [-5, 0, 0]
						},
						"2.625": {
							"vector": [-5, 0, 0]
						},
						"3.0": {
							"vector": [25, 0, 0]
						},
						"3.125": {
							"vector": [25, 0, 0]
						},
						"3.6667": {
							"vector": [25, 0, 0]
						},
						"4.0": {
							"vector": [0, 0, 0]
						}
					},
					"position": {
						"0.0": {
							"vector": [0, 0, 0]
						},
						"4.0": {
							"vector": [0, 0, 0]
						}
					},
					"scale": {
						"0.0": {
							"vector": [1, 1, 1]
						},
						"4.0": {
							"vector": [1, 1, 1]
						}
					}
				},
				"torso": {
					"rotation": {
						"0.0": {
							"vector": [0, 0, 0]
						},
						"4.0": {
							"vector": [0, 0, 0]
						}
					},
					"position": {
						"0.0": {
							"vector": [0, 0, 0]
						},
						"4.0": {
							"vector": [0, 0, 0]
						}
					},
					"scale": {
						"0.0": {
							"vector": [1, 1, 1]
						},
						"4.0": {
							"vector": [1, 1, 1]
						}
					}
				},
				"head": {
					"rotation": {
						"0.0": {
							"vector": [0, 0, 0]
						},
						"0.1667": {
							"vector": [17.56274, -4.76804, -1.50701]
						},
						"0.25": {
							"vector": [22.56274, -4.76804, -1.50701]
						},
						"0.5": {
							"vector": [22.56274, -4.76804, -1.50701]
						},
						"0.75": {
							"vector": [20.9373, 15.98438, 7.27868]
						},
						"1.0833": {
							"vector": [20.9373, 15.98438, 7.27868]
						},
						"1.375": {
							"vector": [22.56274, -4.76804, -1.50701]
						},
						"1.6667": {
							"vector": [-14.93726, -4.76804, -1.50701]
						},
						"2.0": {
							"vector": [-14.93726, -4.76804, -1.50701]
						},
						"2.125": {
							"vector": [-22.43726, -4.76804, -1.50701]
						},
						"2.1667": {
							"vector": [-19.93726, -4.76804, -1.50701]
						},
						"2.625": {
							"vector": [-19.93726, -4.76804, -1.50701]
						},
						"2.8333": {
							"vector": [-19.93726, -4.76804, -1.50701]
						},
						"3.0": {
							"vector": [52.56274, -4.76804, -1.50701]
						},
						"3.125": {
							"vector": [57.56274, -4.76804, -1.50701]
						},
						"3.6667": {
							"vector": [57.56274, -4.76804, -1.50701]
						},
						"4.0": {
							"vector": [0, 0, 0]
						}
					},
					"position": {
						"0.0": {
							"vector": [0, 0, 0]
						},
						"4.0": {
							"vector": [0, 0, 0]
						}
					},
					"scale": {
						"0.0": {
							"vector": [1, 1, 1]
						},
						"4.0": {
							"vector": [1, 1, 1]
						}
					}
				},
				"right_arm": {
					"rotation": {
						"0.0": {
							"vector": [0, 0, 0]
						},
						"0.1667": {
							"vector": [-71.28216, -37.54872, 15.79502]
						},
						"0.25": {
							"vector": [-88.91132, -40.91968, 54.60236]
						},
						"0.5": {
							"vector": [-88.91132, -40.91968, 54.60236]
						},
						"0.75": {
							"vector": [-64.02359, 1.87139, -40.0061]
						},
						"1.0833": {
							"vector": [-64.02359, 1.87139, -40.0061]
						},
						"1.375": {
							"vector": [-88.91132, -40.91968, 54.60236]
						},
						"1.7917": {
							"vector": [-19.74846, 25.9268, 130.48191]
						},
						"2.0": {
							"vector": [-19.74846, 25.9268, 130.48191]
						},
						"2.125": {
							"vector": [-138.93233, 24.13861, 132.41029]
						},
						"2.1667": {
							"vector": [-133.93233, 24.13861, 132.41029]
						},
						"2.625": {
							"vector": [-133.93233, 24.13861, 132.41029]
						},
						"2.9583": {
							"vector": [-133.93233, 24.13861, 132.41029]
						},
						"3.125": {
							"vector": [-133.93233, 24.13861, 132.41029]
						},
						"3.6667": {
							"vector": [-133.93233, 24.13861, 132.41029]
						},
						"4.0": {
							"vector": [0, 0, 0]
						}
					},
					"position": {
						"0.0": {
							"vector": [0, 0, 0]
						},
						"2.0": {
							"vector": [0, 0, 0]
						},
						"2.125": {
							"vector": [-3, 1, 0]
						},
						"2.1667": {
							"vector": [-3, 1, 0]
						},
						"2.625": {
							"vector": [-3, 1, 0]
						},
						"2.9583": {
							"vector": [-3, 1, 0]
						},
						"3.125": {
							"vector": [-3, 1, 0]
						},
						"3.6667": {
							"vector": [-3, 1, 0]
						},
						"4.0": {
							"vector": [0, 0, 0]
						}
					},
					"scale": {
						"0.0": {
							"vector": [1, 1, 1]
						},
						"4.0": {
							"vector": [1, 1, 1]
						}
					}
				},
				"left_arm": {
					"rotation": {
						"0.0": {
							"vector": [0, 0, 0]
						},
						"0.1667": {
							"vector": [0, -7.5, -7.5]
						},
						"0.25": {
							"vector": [5, -7.5, -7.5]
						},
						"0.5": {
							"vector": [5, -7.5, -7.5]
						},
						"0.75": {
							"vector": [17.5, -7.5, -7.5]
						},
						"1.0833": {
							"vector": [17.5, -7.5, -7.5]
						},
						"1.375": {
							"vector": [5, -7.5, -7.5]
						},
						"1.75": {
							"vector": [28.16845, -3.99416, -14.16477]
						},
						"2.0": {
							"vector": [28.16845, -3.99416, -14.16477]
						},
						"2.125": {
							"vector": [30.91805, 0.75504, -22.97111]
						},
						"2.1667": {
							"vector": [28.41805, 0.75504, -22.97111]
						},
						"2.625": {
							"vector": [28.41805, 0.75504, -22.97111]
						},
						"3.0417": {
							"vector": [-25.30379, 8.45977, -7.19506]
						},
						"3.125": {
							"vector": [-24.54339, 10.56797, -2.5977]
						},
						"3.6667": {
							"vector": [-24.54339, 10.56797, -2.5977]
						},
						"4.0": {
							"vector": [0, 0, 0]
						}
					},
					"position": {
						"0.0": {
							"vector": [0, 0, 0]
						},
						"4.0": {
							"vector": [0, 0, 0]
						}
					},
					"scale": {
						"0.0": {
							"vector": [1, 1, 1]
						},
						"4.0": {
							"vector": [1, 1, 1]
						}
					}
				},
				"right_leg": {
					"rotation": {
						"0.0": {
							"vector": [0, 0, 0]
						},
						"0.1667": {
							"vector": [0, 10, 0]
						},
						"0.25": {
							"vector": [2.94067, 9.99038, 2.53852]
						},
						"0.5": {
							"vector": [2.94067, 9.99038, 2.53852]
						},
						"0.75": {
							"vector": [5.44067, 9.99038, 2.53852]
						},
						"1.0833": {
							"vector": [5.44067, 9.99038, 2.53852]
						},
						"1.375": {
							"vector": [2.94067, 9.99038, 2.53852]
						},
						"1.6667": {
							"vector": [0.44067, 9.99038, 2.53852]
						},
						"2.0": {
							"vector": [0.44067, 9.99038, 2.53852]
						},
						"2.125": {
							"vector": [5.44067, 9.99038, 2.53852]
						},
						"2.1667": {
							"vector": [5.44067, 9.99038, 2.53852]
						},
						"2.625": {
							"vector": [5.44067, 9.99038, 2.53852]
						},
						"2.7917": {
							"vector": [-12.47806, 9.45906, 0.06]
						},
						"3.125": {
							"vector": [-12.47806, 9.45906, 0.06]
						},
						"3.6667": {
							"vector": [-12.47806, 9.45906, 0.06]
						},
						"4.0": {
							"vector": [0, 0, 0]
						}
					},
					"position": {
						"0.0": {
							"vector": [0, 0, 0]
						},
						"0.1667": {
							"vector": [0, 0, -1]
						},
						"0.75": {
							"vector": [0, 0, -1]
						},
						"1.0833": {
							"vector": [0, 0, -1]
						},
						"2.0": {
							"vector": [0, 0, -1]
						},
						"2.125": {
							"vector": [0, 0.04337, -1.00475]
						},
						"2.1667": {
							"vector": [0, 0, -1]
						},
						"2.625": {
							"vector": [0, 0, -1]
						},
						"2.7917": {
							"vector": [0, -0.42262, -0.09369]
						},